Tool_type,Tool_name,Category,Working,Website,T.test,ANOVA,Single level regression,MLM,SEM,Proportion,Correlation,Survival analysis,Other,CI Estimation,Bayesian,Notes,Price,GUI,Documentation,APA.Citation,Recommended
R,Sample size calculations for testing equivalence of two exponential distributions with right censoring: Allocation with costs,?,YES,https://doi.org/10.1027/1614-2241/a000139,NO,NO,NO,NO,NO,NO,NO,NO,Equivalence testing,NO,NO,For exponential distributions with right censoring,Free,NO,Minimal,"Guo, J.-H. & Luh, W.-M. (2017). Sample size calculations for testing equivalence of two exponential distributions with right censoring. Methodology: European Journal of Research Methods for the Behavioral & Social Sciences, 13(4), 144-156. https://doi.org/10.1027/1614-2241/a000139.",
R,size-and-power,All,YES,https://github.com/stephstammel/size-and-power,NO,NO,NO,NO,NO,NO,NO,NO,A/B testing,NO,NO,,Free,NO,Minimal,"Stammel, S. (2017). size-and-power [Source code]. https://github.com/stephstammel/size-and-power",
Computer app,R2,All,YES,http://www.statpower.net/Software.html,NO,NO,YES,NO,NO,NO,NO,NO,NO,YES,NO,,Free,YES,Moderate,"Steiger, J.H., Fouladi, R.T. R2: A computer program for interval estimation, power Calculations, sample size estimation, and hypothesis testing in multiple regression. Behavior Research Methods, Instruments, & Computers 24, 581–582 (1992). https://doi.org/10.3758/BF03203611",
Computer app,Minitab,All,YES,https://www.minitab.com/en-us/products/minitab/,YES,YES,NO,NO,NO,YES,NO,NO,NO,NO,NO,,More than $500,YES,Comprehensive,"Meyer, R. K., & Krueger, D. D. (2005). Minitab guide to statistics (3rd ed.). Pearson Education. http://www.pearsonhighered.com",
Computer app,MLPowSim,All,YES,http://www.bristol.ac.uk/cmm/software/mlpowsim/,NO,NO,NO,YES,NO,NO,NO,NO,NO,NO,NO,,Free,NO,Moderate,"Browne, WJ., Golalizadeh Lahi, M., & Parker, RMA. (2009). A guide to sample size calculations for random effect models via simulation and the MLPowSim Software Package. University of Bristol.",YES
Computer app,MorePower 6.0,All,YES,https://github.com/LewisPeacockLab/MorePower,NO,YES,NO,NO,NO,NO,NO,NO,NO,NO,YES,,Free,YES,Moderate,"Campbell, J. I., & Thompson, V. A. (2012). MorePower 6.0 for ANOVA with relational confidence intervals and Bayesian analysis. Behavior research methods, 44(4), 1255–1265. https://doi.org/10.3758/s13428-012-0186-0",
Computer app,MPlus,All,YES,https://www.statmodel.com/power.shtml,YES,YES,YES,YES,YES,YES,NO,NO,NO,NO,YES,,More than $500,NO,Comprehensive,"Muthén, L. K., & Muthén, B. O. (1998–2023). Mplus User’s Guide (8th ed.). Muthén & Muthén.",
Computer app,Optimal Design Software,All,YES,https://wtgrantfoundation.org/optimal-design-with-empirical-information-od,YES,NO,YES,YES,NO,NO,NO,NO,NO,NO,NO,,Free,YES,Comprehensive,"Spybrook, J., Bloom, H., Congdon, R., Hill, C., Martinez, A., & Raudenbush, S. (2011). Optimal design plus empirical evidence: Documentation for the “Optimal Design” software (Version 3.0). William T. Grant Foundation.",
Computer app,PinT,All,YES,https://www.stats.ox.ac.uk/~snijders/multilevel.htm,NO,NO,NO,YES,NO,NO,NO,NO,NO,NO,NO,,Free,YES,Moderate,"Snijders, T. A. B. (2005). Power and sample size in multilevel linear models. In B. S. Everitt & D. C. Howell (Eds.), Encyclopedia of statistics in behavioral science (Vol. 3, pp. 1570–1573). Wiley.",
Computer app,StatXact,All,YES,https://www.cytel.com/software/statxact,YES,NO,YES,NO,NO,NO,NO,NO,NO,NO,YES,,More than $500,YES,Moderate,0,
Computer app,GenStat,All,YES,https://vsni.co.uk/software/genstat/,YES,YES,YES,YES,YES,YES,NO,NO,NO,NO,NO,,request quote,YES,Comprehensive,VSN International. (2022). Genstat for Windows (22nd ed.). VSN International. https://www.genstat.co.uk,
Web app,Evan's Awesome A/B Tools,All,YES,https://www.evanmiller.org/ab-testing/sample-size.html,NO,NO,NO,NO,NO,NO,NO,NO,A/B testing,NO,NO,,Free,YES,Minimal,,
R,Rmediation,All,YES,https://cran.r-project.org/web/packages/RMediation/index.html,NO,NO,NO,YES,YES,YES,NO,NO,NO,YES,NO,,Free,NO,Moderate,"MacKinnon, D. P., Fritz, M. S., Williams, J., & Lockwood, C. M. (2007). Distribution of the product confidence limits for the indirect effect: program PRODCLIN. Behavior Research Methods, 39(3), 384–389. https://doi.org/10.3758/bf03193007",
SAS,Harrison2013_SASmacro,All,YES,https://manoa.hawaii.edu/crdg/research-development/research-programs/program-research-and-evaluation/research-on-evaluation/a-sas-macro-for-producing-benchmarks-for-interpreting-school-effect-sizes/,NO,NO,NO,YES,NO,NO,NO,NO,NO,YES,NO,,Free,NO,Minimal,"Brandon, P. R., Harrison, G. M., & Lawton, B. E. (2013). SAS code for calculating intraclass correlation coefficients and effect size benchmarks for site-randomized education experiments. American Journal of Evaluation, 34(1), 85-90. https://doi.org/10.1177/1098214012466453",
Computer app,G*Power 3,All,YES,http://www.gpower.hhu.de/,YES,YES,YES,NO,NO,YES,YES,NO,NO,NO,NO,,Free,YES,Comprehensive,"Faul, F., Erdfelder, E., Lang, A. G., & Buchner, A. (2007). G*Power 3: a flexible statistical power analysis program for the social, behavioral, and biomedical sciences. Behavior research methods, 39(2), 175–191. https://doi.org/10.3758/bf03193146",YES
Computer app,SigmaStat/SigmaPlot,All,YES,https://systatsoftware.com/products/sigmastat/,YES,YES,NO,NO,NO,YES,YES,NO,NO,NO,NO,,More than $500,YES,Moderate,0,
R; Computer app; Web app,jamovi,All,YES,https://blog.jamovi.org/2024/10/28/pamlj.html,YES,YES,YES,NO,YES,YES,YES,NO,NO,NO,NO,,Free,YES,Comprehensive,The jamovi project (2019). jamovi (Version 0.9) [Computer Software]. Retrieved from https://www.jamovi.org,YES
R; Web app,WebPower,All,YES,https://webpower.psychstat.org,YES,YES,YES,YES,YES,YES,YES,NO,NO,NO,NO,,Free,YES,Comprehensive,"Zhang, Z., & Yuan, K.-H. (2018). Practical Statistical Power Analysis Using Webpower and R (Eds). Granger, IN: ISDSA Press.",YES
R; Shiny ,pwrss,All,YES,https://cran.r-project.org/web/packages/pwrss/index.html,YES,YES,YES,NO,YES,YES,YES,NO,NO,NO,NO,,Free,YES,Moderate,,
R; Computer app; Web app,PS: Power and Sample Size Calculation,All,YES,https://github.com/vubiostat/ps,YES,NO,NO,NO,NO,YES,NO,NO,NO,NO,NO,,Free,YES,Comprehensive,"Dupont, W. D., & Plummer, W. D., Jr (1998). Power and sample size calculations for studies involving linear regression. Controlled clinical trials, 19(6), 589–601. https://doi.org/10.1016/s0197-2456(98)00037-3",
R; Shiny ,semPower,All,YES,https://github.com/moshagen/semPower,NO,NO,NO,NO,YES,NO,NO,NO,NO,NO,NO,,Free,YES,Minimal,"Moshagen, M., & Erdfelder, E. (2016). A new strategy for testing structural equation models.StructuralEquation Modeling, 23, 54–60. https://doi.org/10.1080/10705511.2014.950896",
R; Shiny ,ApproxPowerIL,All,YES,https://gitlab.kuleuven.be/ppw-okpiv/researchers/u0119584/ApproxPowerIL,NO,NO,NO,YES,NO,NO,NO,NO,NO,NO,NO,,Free,YES,Moderate,"Lafit, G., Artner, R., & Ceulemans, E. (2024). Enabling analytical power calculations for multilevel models with autocorrelated errors through deriving and approximating the precision matrix. Behavior research methods, 56(7), 8105–8131. https://doi.org/10.3758/s13428-024-02435-y",
R,STATS_POWER23,All,YES,https://github.com/Hemken/STATS_POWER23/,YES,YES,YES,NO,NO,YES,YES,NO,NO,NO,NO,,Free,NO,Minimal,Copyright IBM Corp. 2016,
Julia,PowerAnalysis.jl,All,YES,https://github.com/johnmyleswhite/PowerAnalysis.jl,YES,NO,NO,NO,NO,NO,NO,NO,NO,NO,NO,,Free,NO,Minimal,0,
Mplus,Thoemmes_2010,All,YES,https://pubmed.ncbi.nlm.nih.gov/23935262/,NO,NO,NO,NO,YES,NO,NO,NO,NO,NO,NO,,Free,NO,Minimal,"Thoemmes, F., MacKinnon, D. P., & Reiser, M. R. (2010). Power analysis for complex mediational designs using Monte Carlo methods. Structural Equation Modeling, 17(3), 510-534.",
Mplus,Muthen&Muthen_2002,All,YES,https://doi.org/10.1207/S15328007SEM0904_8,NO,NO,NO,NO,YES,NO,NO,NO,NO,NO,NO,,Free,NO,Minimal,"Muthén, L. K., & Muthén, B. O. (2002). How to use a Monte Carlo study to decide on sample size and determine power. Structural Equation Modeling, 9(4), 599–620. https://doi.org/10.1207/S15328007SEM0904_8",
Python,statsmodels,All,YES,https://www.statsmodels.org/stable/index.html,YES,YES,NO,NO,NO,YES,NO,NO,NO,NO,NO,,Free,NO,Moderate,"Seabold, S., & Perktold, J. (2010). Statsmodels: Econometric and modeling with Python. Proceedings of the 9th Python in Science Conference, Austin, TX, 57–61.",
SPSS,D'Amico2001_SPSSmanova,All,YES,https://doi.org/10.3758/BF03195405,NO,YES,NO,NO,NO,NO,NO,NO,NO,NO,NO,,Free,NO,Minimal,"D'Amico, E. J., Neilands, T. B., & Zambarano, R. (2001). Power analysis for multivariate and repeated measures designs: A flexible approach using the SPSS MANOVA procedure. Behavior Research Methods, Instruments, & Computers, 33(4), 479-484. https://doi.org/10.3758/bf03195405",
Stata,ipdpower,All,YES,https://www.jstatsoft.org/article/view/v074i12,NO,NO,NO,YES,NO,NO,NO,NO,NO,NO,NO,,Free,NO,Minimal,"Kontopantelis, E., Springate, D., Parisi, R., & Reeves, D. (2016). Simulation-Based Power Calculations for Mixed Effects Modeling: ipdpower in Stata. Journal of Statistical Software, 74(12), 1 - 25. doi:http://dx.doi.org/10.18637/jss.v074.i12",
Stata,powersim,All,YES,http://fmwww.bc.edu/RePEc/bocode/p/powersim_tutorial.pdf,NO,NO,YES,YES,NO,NO,NO,NO,NO,NO,NO,,Free,NO,Comprehensive,"Luedicke, J. (2013). POWERSIM: Stata module for simulation-based power analysis for linear and generalized linear models.",
R,pwr4exp,All,YES,https://cran.r-project.org/web/packages/pwr4exp/index.html,YES,YES,NO,NO,NO,NO,NO,NO,NO,NO,NO,,Free,NO,Moderate,"Wang K, Arshad U, Niu M (2024). “Enhancing quality of dairy cattle research through adequate power analysis.” agriRxiv. doi:10.31220/agriRxiv.2024.00278, Preprint.",
Computer app,Stata,All,YES,https://www.stata.com/,YES,YES,YES,YES,NO,YES,NO,NO,Meta-analysis,NO,NO,,More than $500,YES,Comprehensive,"StataCorp, L. P. (2009). Stata statistical software. College Station TX.",
Computer app,SIMSTAT,All,YES,https://provalisresearch.com/products/simstat/simstat-features/,NO,NO,NO,NO,NO,NO,YES,NO,Non-parametric,NO,NO,,Up to $250,YES,Minimal,"Péladeau, N., & Lacouture, Y. (1993). SIMSTAT: Bootstrap computer simulation and statistical program for IBM personal computers. Behavior Research Methods, Instruments, & Computers, 25(3), 410–413. https://doi.org/10.3758/bf03204533",
R,ReplicationSuccess,All,YES,https://cran.r-project.org/web/packages/ReplicationSuccess/index.html,NO,NO,NO,NO,NO,NO,NO,NO,NO,NO,YES,For replication studies. Power calculations based on the original z-values and variance ratios of the original and replication effect estimates.,Free,NO,Minimal,"Micheloud, C., & Held, L. (2022). Power calculations for replication studies. Statistical Science, 37(3), 369–379. https://doi.org/10.1214/21-STS828",
SAS; LISREL,Davey_2009,All,YES,https://doi.org/10.1177/1094428107300366,NO,NO,NO,NO,YES,NO,NO,NO,NO,NO,NO,Focus on handling incomplete data,Free,NO,Moderate,"Davey, A. (2009). Statistical power analysis with missing data: A structural equation modeling approach. Routledge. ",
Computer app,JMP,All,YES,https://www.jmp.com/en_us/home.html,YES,YES,YES,NO,NO,YES,NO,NO,"Reliability Demonstration, Sigma Quality Level",NO,NO,,More than $500,YES,Comprehensive,"Sall, J., Lehman, A., Stephens, M., & Loring, S. (2017). JMP® start statistics: A guide to statistics and data analysis using JMP® (6th ed.). SAS Institute Inc.",
R; Shiny ,precisely,All,YES,https://precisely.malco.io/,NO,NO,NO,NO,NO,NO,NO,NO,NO,YES,NO,,Free,YES,Moderate,0,
R; Shiny ,presize,All,YES,https://github.com/CTU-Bern/presize?tab=readme-ov-file,YES,YES,YES,NO,NO,YES,NO,NO,NO,YES,NO,,Free,YES,Minimal,"Haynes et al., (2021). presize: An R-package for precision-based sample size calculation in clinical research. Journal of Open Source Software, 6(60), 3118, https://doi.org/10.21105/joss.03118",
Web app,Raosoft: Sample size calculator,All,YES,http://www.raosoft.com/samplesize.html,NO,NO,NO,NO,NO,NO,NO,NO,NO,YES,NO,,Free,YES,Minimal,,
Web app,Statistics Solutions,All,YES,https://www.statisticssolutions.com/sample-size-for-populations.html,NO,NO,NO,NO,NO,NO,NO,NO,NO,YES,NO,,Free,YES,Minimal,,
Web app,The Survey System: Sample Size Calculator,All,YES,http://www.surveysystem.com/sscalc.htm,NO,NO,NO,NO,NO,NO,NO,NO,NO,YES,NO,,Free,YES,Minimal,,
SAS,MacCallum_1996,All,YES,https://psycnet.apa.org/record/1996-04469-002,NO,NO,NO,NO,YES,NO,NO,NO,NO,NO,NO,,Free,NO,Minimal,"MacCallum, R. C., Browne, M. W., & Sugawara, H. M. (1996). Power analysis and determination of sample size for covariance structure modeling. Psychological Methods, 1(2), 130–149. https://doi.org/10.1037/1082-989X.1.2.130",
Computer app,piface: Java applets for power and sample size,All,YES,http://homepage.divms.uiowa.edu/~rlenth/Power/,YES,YES,YES,NO,NO,NO,NO,NO,Sample sizes are calculated using root-finding methods in conjunction with power calculations. ,NO,NO,,Free,YES,Moderate,"Lenth, R. V. (2006). Java applets for power and sample size [Computer software]. Retrieved March 27, 2025, from http://www.stat.uiowa.edu/~rlenth/Power.",
Computer app,Statistica,All,YES,https://docs.tibco.com/pub/stat/14.0.1/doc/html/UsersGuide/Default.htm#user-guide/power-analysis-overview.htm?TocPath=Data%2520Mining%257CStatistics%257CPower%2520Analysis%257C_____1,YES,YES,NO,NO,YES,YES,NO,YES,NO,NO,NO,,More than $500,YES,Moderate,TIBCO Software Inc. (2022). TIBCO Statistica (Version 14.0.1) [Computer software]. TIBCO Software Inc. https://www.tibco.com/products/tibco-statistica,
Web app,FREE STATISTICS CALCULATORS,All,YES,https://www.danielsoper.com/statcalc/,YES,YES,YES,YES,YES,YES,NO,NO,NO,NO,NO,,Free,YES,Moderate,"Soper, D.S. (2020). A-priori Sample Size Calculator for Structural Equation Models [Software]. Available from http://www.danielsoper.com/statcalc",
Computer app,Power and Precision,All,YES,https://www.power-analysis.com/,YES,YES,YES,NO,NO,YES,YES,YES,NO,NO,NO,,More than $500,YES,Comprehensive,"Harrison W. (2002). Power and precision: A computer program for statistical power analysis and confidence intervals. Personnel Psychology, 55, 1077–1080.",
Computer app,XLSTAT,All,YES,https://www.xlstat.com/en/,YES,YES,YES,NO,NO,YES,YES,YES,NO,NO,NO,,More than $500,YES,Comprehensive,Addinsoft. (2023). XLSTAT (Version 2023.1) [Computer software]. https://www.xlstat.com,
Computer app,nQuery,All,YES,https://www.statsols.com/nquery,YES,YES,YES,YES,NO,YES,NO,YES,Non-parametric,NO,NO,,More than $500,YES,Comprehensive,"nQuery (2017). Sample Size and Power Calculation. “Statsols” (Statistical Solutions Ltd), Cork, Ireland.",
Computer app,PASS,All,YES,https://www.ncss.com/software/pass/,YES,YES,YES,YES,YES,YES,NO,YES,Non-parametric,NO,YES,,More than $500,YES,Comprehensive,"PASS 2020 Power Analysis and Sample Size Software (2020). NCSS, LLC. Kaysville, Utah, USA, ncss.com/software/pass.",
Computer app,InVivoStat,Biology,YES,http://invivostat.co.uk/,YES,YES,NO,NO,NO,NO,NO,NO,Equivalence testing,NO,NO,One-sided tests,Free,YES,Comprehensive,"Bate, S. T., Clark, R. A., & Stanford, S. C. (2017). Using InVivoStat to perform the statistical analysis of experiments. Journal of psychopharmacology (Oxford, England), 31(6), 644–652. https://doi.org/10.1177/0269881116682213",
R,BiomarkerDevelopmentPowerSim,Biology,YES,https://github.com/TSResearchGroupUU/BiomarkerDevelopmentPowerSim,NO,NO,NO,NO,NO,NO,NO,NO,Biomarker development design,NO,NO,,Free,NO,Minimal,,
R,MCPAN: Multiple Comparisons Using Normal Approximation,Biology,YES,https://cran.r-project.org/web/packages/MCPAN/index.html,NO,YES,NO,NO,NO,YES,NO,NO,NO,NO,NO,Also provides simultaneous confidence intervals based on normal approximation,Free,NO,Moderate,"Schaarschmidt, F., Gerhard, D., & Sill, M. (2018). MCPAN: Multiple comparisons using normal approximation. R version 1.1-21. CRAN. https://cran.r-project.org/package=MCPAN",
R,PowerSimulation,Biology,YES,https://github.com/robertadams/PowerSimulation,NO,NO,YES,NO,NO,NO,NO,NO,NO,NO,NO,Non-binomial generalized linear model,Free,NO,Minimal,,
R,SPprm,Biology,YES,https://github.com/baolinwu/SPprm,NO,YES,NO,NO,NO,YES,NO,NO,NO,NO,NO,ANOVA for paired repeated measures designs,Free,NO,Minimal,"Bai, Y., Wang, Z., Lystig, T. C., & Wu, B. (2020). Statistical test with sample size and power calculation for paired repeated measures designs of method comparison studies. bioRxiv. https://doi.org/10.1101/516658",
R,RNASeqPower,Biology,YES,https://bioconductor.org/packages/release/bioc/html/RNASeqPower.html,NO,NO,NO,NO,NO,NO,NO,NO,RNA-seq experiments,NO,NO,,Free,NO,Minimal,"Hart, S. N., Therneau, T. M., Zhang, Y., Poland, G. A., & Kocher, J. P. (2013). Calculating sample size estimates for RNA sequencing data. Journal of Computational Biology, 20(12), 970–978. https://doi.org/10.1089/cmb.2012.0283",
Computer app,SampleSize,Biology,YES,https://biostat.wiscweb.wisc.edu/resources/software/,NO,NO,YES,NO,NO,NO,NO,YES,NO,NO,NO,,Free,YES,Minimal,"Friedman LM, Furberg CD, Demets D. (1998). Fundamentals of clinical trials, 3rd edition. New. York: Springer Verlag",
Shiny,PowerPredictiveBiomarker,Biology,YES,https://github.com/dungtsa/PowerPredictiveBiomarker,YES,YES,NO,NO,NO,YES,NO,YES,NO,NO,NO,,Free,YES,Minimal,"Chen, D. T., Huang, P. Y., Lin, H. Y., Haura, E. B., Antonia, S. J., Cress, W. D., & Gray, J. E. (2016). Strategies for power calculations in predictive biomarker studies in survival data. Oncotarget, 7(49), 80373–80381. https://doi.org/10.18632/oncotarget.12124",
Web app,Sample size calculator,Biology,YES,https://clincalc.com/stats/samplesize.aspx,YES,NO,NO,NO,NO,YES,NO,NO,NO,NO,NO,,Free,YES,Minimal,,
Web app,UBC Sample Size Calculators,Biology,YES,https://www.stat.ubc.ca/~rollin/stats/ssize/,YES,NO,NO,NO,NO,YES,NO,NO,NO,NO,NO,,Free,YES,Minimal,,
Computer app,Medcalc,Biology,YES,https://www.medcalc.org,YES,YES,NO,NO,NO,YES,NO,YES,ROC curve,NO,NO,,More than $500,YES,Comprehensive,MedCalc Software Ltd. (2025). MedCalc (Version 23.1.7) [Computer software]. MedCalc Software Ltd. https://www.medcalc.org,
R; Shiny ,sim-based-power-calculator,Clinical trial,YES,"https://github.com/nsmader/sim-based-power-calculator
https://nsmader.shinyapps.io/sim-based-power-calculator",YES,YES,NO,NO,NO,YES,NO,NO,Randomized control trials,NO,NO,,Free,YES,Minimal,"Mader, N., Solanki, A., & Ehlhardt, W. (2015). sim-based-power-calculator [Source code]. https://github.com/nsmader/sim-based-power-calculator",
R; Shiny ,PUMP: Power Under Multiplicity Project,Clinical trial,YES,https://github.com/mdrcny/pump,NO,NO,NO,YES,NO,NO,NO,NO,NO,NO,NO,,Free,YES,Moderate,"Hunter, K., Miratrix, L., & Porter, K. (2021). Power Under Multiplicity Project (PUMP): Estimating Power, Minimum Detectable Effect Size, and Sample Size When Adjusting for Multiple Outcomes. arXiv preprint arXiv:2112.15273.",
Web app,Biomath,Clinical trial,YES,http://www.biomath.info/power/index.html,YES,NO,NO,NO,NO,YES,YES,NO,NO,NO,NO,,Free,YES,Minimal,,
R,powerCompRisk,Clinical trial,YES,https://cran.r-project.org/web/packages/powerCompRisk/,NO,NO,NO,NO,NO,NO,NO,NO,for jointly testing the cause-1 cause-specific hazard and the anycause hazard with competing risks data.,NO,NO,,Free,NO,Minimal,"Yang, Q., Fung, W. K., Kawaguchi, E., & Li, G. (2018). powerCompRisk: Power analysis tool for joint testing hazards with competing risks data. R version 1.0.1. CRAN. https://cran.r-project.org/package=powerCompRisk",
SAS,MULTBINPOW,Clinical trial,YES,https://www.lerner.ccf.org/quantitative-health/software/#research-multbinpow,YES,YES,NO,YES,NO,YES,NO,NO,generalized estimating equation model,NO,NO,,Free,NO,Minimal,"Mascha, E.J. & Imrey, P.B. (2010). Factors affecting power of test for multiple binary outcomes. Statistics in Medicine. 29.28. 2890-2904. https://doi.org/10.1002/sim.4066",
R; Shiny ,gsDesign,Clinical trial,YES,https://cran.r-project.org/web/packages/gsDesign/index.html,YES,NO,NO,NO,NO,YES,NO,YES,NO,NO,NO,Group sequential clinical trial designs,Free,NO,Moderate,"Anderson K (2025). gsDesign: Group Sequential Design. R version 3.6.7, https://CRAN.R-project.org/package=gsDesign.",
R,longPower,Clinical trial,YES,https://cran.r-project.org/web/packages/longpower,NO,NO,NO,YES,NO,NO,NO,NO,NO,NO,NO,,Free,NO,Minimal,"Iddi, S., & Donohue, M. C. (2022). Power and sample size for longitudinal models in R – The longpoweR and Shiny app. The R Journal, 14(1), 264–282. https://rjournal.github.io/",
R,TrialSize,Clinical trial,YES,https://cran.r-project.org/web/packages/TrialSize/TrialSize.pdf,YES,YES,NO,NO,NO,YES,NO,NO,NO,NO,NO,,Free,NO,Minimal,"Zhang, E., Wu, V. Q., Chow, S.-C., & Zhang, H. G. (2024). TrialSize: R functions for Chapter 3, 4, 6, 7, 9, 10, 11, 12, 14, 15 of sample size calculation in clinical research. R version 1.4.1. CRAN. https://cran.r-project.org/package=TrialSize",
Web app,Power and Sample Size.com,Clinical trial,YES,http://powerandsamplesize.com,YES,YES,NO,NO,NO,YES,NO,YES,Non-parametric,NO,NO,,Free,YES,Comprehensive,,
Computer app,WinDL/Landem,Clinical trial,YES,https://biostat.wiscweb.wisc.edu/resources/software/,YES,NO,NO,NO,NO,YES,NO,YES,NO,NO,NO,,Free,NO,Moderate,"Reboussin, D. M., DeMets, D. L., Kim, K. M., & Lan, K. K. (2000). Computations for group sequential boundaries using the Lan-DeMets spending function method. Controlled clinical trials, 21(3), 190–207. https://doi.org/10.1016/s0197-2456(00)00057-x",
R; Shiny ,rpact,Clinical trial,YES,https://cran.r-project.org/web/packages/rpact/index.html,YES,NO,NO,NO,NO,YES,NO,YES,NO,NO,NO,,Free,YES,Comprehensive,"Wassmer, G., & Brannath, W. (2016). Group sequential and confirmatory adaptive designs in clinical trials (1st ed., Vol. 301). Springer Cham. https://doi.org/10.1007/978-3-319-32562-0",
Web app,Statistical considerations for clinical trials and scientific experiments,Clinical trial,YES,http://hedwig.mgh.harvard.edu/sample_size/,YES,NO,NO,NO,NO,YES,NO,YES,NO,NO,NO,,Free,YES,Minimal,,
Web app,powercalc,Clinical trial,YES,https://www.powercalc.ca,YES,NO,NO,NO,NO,YES,NO,YES,NO,NO,NO,,Free,YES,Minimal,,
Web app,Sealed Envelope Power Calculators,Clinical trial,YES,https://www.sealedenvelope.com/power/,YES,NO,NO,NO,NO,YES,NO,NO,NO,NO,NO,,Free,YES,Moderate,Sealed Envelope Ltd. 2012. Power calculators. [Online] Available from: https://www.sealedenvelope.com/power/continuous-superiority/ [Accessed Thu Jul 23 2020].,
SAS script,Pituch_2006,Cluster randomized trial,YES,https://www.tandfonline.com/doi/abs/10.1207/s15327906mbr4103_5,NO,NO,NO,NO,YES,NO,NO,NO,NO,YES,NO,,Free,NO,Minimal,"Pituch, K. A., Stapleton, L. M., & Kang, J. Y. (2006). A comparison of single sample and bootstrap methods to assess mediation in cluster randomized trials. Multivariate Behavioral Research, 41(3), 367-400. https://doi.org/10.1207/s15327906mbr4103_5",
R; Shiny; Python,PowerUP!,Cluster randomized trial,YES,https://www.causalevaluation.org/power-analysis.html,NO,NO,NO,YES,YES,NO,NO,NO,NO,NO,NO,,Free,YES,Comprehensive,"Kelcey, B., Dong, N., Spybrook, J., & Shen, Z. (2017). Experimental Power for Indirect Effects in Group-randomized Studies with Group-level Mediators. Multivariate behavioral research, 52(6), 699–719. https://doi.org/10.1080/00273171.2017.1356212",YES
R,odr,Cluster randomized trial,YES,https://cran.r-project.org/web/packages/odr/index.html,NO,NO,NO,YES,YES,YES,NO,NO,NO,NO,NO,,Free,NO,Moderate,"Shen, Z. (2019). Optimal Sample Allocation in Multilevel Experiments. (Electronic Thesis or Dissertation). Retrieved from https://etd.ohiolink.edu/",
R,mixedpower,Cluster randomized trial,YES,https://github.com/SampleSizeShop/mixedPower,NO,NO,NO,YES,NO,NO,NO,NO,NO,NO,NO,,Free,NO,Minimal,"Kumle, L., Võ, M. L.-H., & Draschkow, D. (2021). Estimating power in (generalized) linear mixed models: An open introduction and tutorial in R. Behavior Research Methods, 53(6), 2528–2543. doi: 10.3758/s13428-021-01546-0 https://doi.org/10.3758/s13428-021-01546-0",
R,GroupSeq,Cluster randomized trial,YES,https://cran.r-project.org/web/packages/GroupSeq/index.html,NO,NO,NO,NO,NO,NO,NO,YES,NO,NO,NO,,Free,YES,Minimal,"Pahl, R. (2024). GroupSeq: Group sequential design probabilities – with graphical user interface. R version 1.4.3. CRAN. https://rpahl.github.io/GroupSeq/",
SAS,power_calculator,Cluster randomized trial,YES,https://github.com/yosukei1979/power_calculator,NO,NO,NO,NO,NO,YES,NO,YES,NO,NO,NO,,Free,NO,Minimal,0,
Computer app,EcoMeth,Ecology,YES,https://www.zoology.ubc.ca/~krebs/downloads/,YES,YES,NO,NO,NO,YES,NO,NO,NO,NO,NO,,Free,YES,Minimal,"Krebs, C. J. (2019). Ecological methodology (2nd ed.). Benjamin Cummings.",
R,epower,Ecology,YES,https://github.com/bmtglobal/epower,NO,NO,NO,YES,NO,NO,NO,NO,power analysis of Before-After-Control-Impact (BACI) designs. Methods in Ecology and Evolution.,NO,NO,,Free,NO,Minimal,"Fisher, R., Shiell, G. R., Sadler, R. J., Inostroza, K., Shedrawi, G., Holmes, T. H., & McGree, J. M. (2019). epower: An R for power analysis of Before-After-Control-Impact (BACI) designs. Methods in Ecology and Evolution, 10(8), 1291–1298. https://doi.org/10.1111/2041-210X.13287",
R,"Simulation, the tidy way",Economics‬,YES,https://www.treatment-effects.com/lab-tidy-simulation.pdf,YES,NO,NO,NO,NO,NO,NO,NO,NO,NO,NO,,Free,NO,Minimal,,
R; Shiny; Stata,pretrends,Economics‬,YES,https://github.com/jonathandroth/pretrends,NO,NO,YES,NO,NO,NO,NO,NO,power calculations for pre-trends tests,NO,NO,,Free,YES,Minimal,"Roth, J. (2019). Pre-test with caution: Event-study estimates after testing for parallel trends. Department of Economics, Harvard University, Unpublished manuscript.",
Shiny,Planning a Multiplier Method Population Size Estimation Study with RDS,Epidemiology,YES,https://fearone.shinyapps.io/rds_ss_shiny/,,,,,,,,,NO,YES,,,Free,YES,Minimal,,
Computer app,EpiInfo,Epidemiology,YES,https://www.cdc.gov/epiinfo,YES,YES,YES,NO,NO,YES,NO,NO,NO,NO,NO,,Free,YES,Comprehensive,"Dean, A. G., Arner, T. G., Sunki, G. G., Friedman, R., Lantinga, M., Sangam, S., Zubieta, J. C., Sullivan, K. M., Brendel, K. A., Gao, Z., Fontaine, N., Shu, M., Fuller, G., Smith, D. C., Nitschke, D. A., & Fagan, R. F. (2011). Epi Info™: A database and statistics program for public health professionals. Centers for Disease Control and Prevention, Atlanta, GA, USA.",
SAS,UnifyPow,Epidemiology,YES,https://github.com/friendly/SAS-macros/blob/master/UnifyPow.sas,YES,YES,YES,NO,NO,YES,YES,NO,NO,NO,NO,,Free,NO,Moderate,"O'Brien, R. & Castelloe, J. (2003). Sample Size Analysis in Study Planning.https://support.sas.com/resources/papers/proceedings/proceedings/sugi29/211-29.pdf",
JavaScript; Web app,openEpi,Epidemiology,YES,http://www.openepi.com/Menu/OE_Menu.htm,YES,NO,NO,NO,NO,YES,NO,NO,NO,NO,NO,,Free,YES,Comprehensive,"Dean, A. G., Sullivan, K. M., & Soe, M. M. (2013). OpenEpi: Open source epidemiologic statistics for public health (Version). Retrieved March 27, 2025, from www.OpenEpi.com",
R,Tweetorials,Epidemiology,YES,https://github.com/noahhaber/Tweetorials/blob/master/power_by_sims.R,NO,NO,YES,NO,NO,NO,NO,NO,power based on CI width ,NO,NO,,Free,NO,Minimal,,
R,powerSurvEpi,Epidemiology,YES,https://cran.r-project.org/web/packages/powerSurvEpi/powerSurvEpi.pdf,NO,NO,NO,NO,NO,NO,NO,YES,NO,NO,NO,,Free,NO,Minimal,"Qiu, W., Chavarro, J., Lazarus, R., Rosner, B., & Ma, J. (2021). powerSurvEpi: Power and sample size calculation for survival analysis of epidemiological studies. R version 0.1.3. CRAN. https://cran.r-project.org/package=powerSurvEpi",
Shiny,TwinPower,Genetics,YES,https://shiny.cnsgenomics.com/TwinPower/,NO,NO,NO,NO,NO,YES,NO,NO,classical twin design,NO,NO,,Free,YES,Minimal,"Visscher, P. M., Gordon, S., & Neale, M. C. (2008). Power of the classical twin design revisited: II detection of common environmental variance. Twin research and human genetics : the official journal of the International Society for Twin Studies, 11(1), 48–54. https://doi.org/10.1375/twin.11.1.48",
R; Shiny ,pwrEWAS,Genetics,YES,https://github.com/stefangraw/pwrEWAS ,YES,NO,NO,NO,NO,NO,NO,NO,epigenome wide association studies (EWAS) ,NO,NO,,Free,YES,Moderate,"Graw, S., Henn, R., Thompson, J. A., & Koestler, D. C. (2019). pwrEWAS: A user-friendly tool for comprehensive power estimation for epigenome wide association studies (EWAS). BMC bioinformatics, 20(1), 218. https://doi.org/10.1186/s12859-019-2804-7",
R,haplin,Genetics,YES,https://cran.r-project.org/web/packages/Haplin/index.html,NO,NO,NO,NO,NO,NO,NO,NO,genetic analysis,NO,NO,,Free,NO,Minimal,"Gjerdevik, M., Jugessur, A., Haaland, Ø., et al. (2019). Haplin power analysis: A software module for power and sample size calculations in genetic association analyses of family triads and unrelated controls. BMC Bioinformatics, 20, 165. https://doi.org/10.1186/s12859-019-2727-3",
R,Statistical Genetics Power Calculations,Genetics,YES,https://github.com/StatGenPRD/StatGenPowerCalculationTools,NO,NO,NO,NO,NO,NO,NO,NO,genetic association analysis,NO,NO,,Free,NO,Minimal,,
R,qtlDesign,Genetics,YES,https://rdrr.io/cran/qtlDesign/man/powercalc.html,NO,NO,NO,NO,NO,NO,NO,NO,"genetics research (backcross, F2 intercross, and recombinant inbred (RI) lines)",NO,NO,,Free,NO,Minimal,"Sen, S., Satagopan, J. M., Broman, K. W., & Churchill, G. A. (2007). R/qtlDesign: Inbred line cross experimental design. Mammalian Genome, 18(2), 87–93. https://doi.org/10.1007/s00335-006-0090-y",
R,PowerMultivariateGWAS,Genetics,YES,https://baptistecd.github.io/PowerMultivariateGWAS/,NO,YES,NO,NO,NO,NO,NO,NO,multivariate genome-wide association studies (GWAS),NO,NO,,Free,NO,Minimal,"Couvy-Duchesne, B., Strike, L. T., McMahon, K. L., de Zubicaray, G. I., Thompson, P. M., Martin, N. G., Medland, S. E., & Wright, M. J. (2019). A fast method for estimating statistical power of multivariate GWAS in real case scenarios: Examples from the field of imaging genetics. Behavior Genetics, 49(1), 112–121. https://doi.org/10.1007/s10519-018-9936-9",
R,impute-power,Genetics,YES,https://github.com/cth/impute-power,NO,NO,NO,NO,NO,NO,NO,NO,Odds ratios,NO,NO,,Free,NO,Minimal,,
R,PowsimR,Genetics,YES,https://bvieth.github.io/powsimR/,NO,NO,NO,YES,NO,NO,NO,NO,RNA-seq experiments,NO,NO,,Free,NO,Moderate,"Vieth, B., Ziegenhain, C., Parekh, S., Enard, W., & Hellmann, I. (2017). powsimR: Power analysis for bulk and single-cell RNA-seq experiments. Bioinformatics, 33(21), 3486–3488. https://doi.org/10.1093/bioinformatics/btx435",
R,easypower,Genetics,YES,https://CRAN.R-project.org/package=easypower,NO,YES,NO,NO,NO,NO,NO,NO,RNA-seq experiments,NO,NO,,Free,NO,Minimal,"Therneau T, Hart S, Kocher J (2024). Calculating samplesSize estimates for RNA Seq studies. R version 1.46.0.",
R,evolve-and-resequence-simulation,Genetics,YES,https://github.com/MesserLab/evolve-resequence-simulation,NO,NO,NO,NO,NO,YES,NO,NO,simulation of evolve and resequence experiments on a quantitative trait to evaluate their power for QTL detection,NO,NO,,Free,NO,Minimal,,
Shiny,Argus: Interactive a priori Power Analysis,All,YES,https://zpac-uzh.github.io/argus/,NO,YES,NO,NO,NO,NO,NO,NO,NO,NO,YES,Designed for experiments in information visualization and human-computer interaction,Free,YES,Comprehensive,"Wang, X., Eiselmayer, A., Mackay, W. E., Hornbæk, K., & Wacharamanotham, C. (2020). Argus: Interactive a priori power analysis. arXiv. https://doi.org/10.48550/arXiv.2009.07564",
Web app,Sample Size Determination,Management,YES,https://home.ubalt.edu/ntsbarsh/Business-stat/otherapplets/SampleSize.htm,YES,YES,YES,NO,NO,YES,YES,NO,NO,YES,NO,,Free,YES,Minimal,,
Computer app,PowerMap,Medical image,YES,https://sourceforge.net/projects/powermap/,YES,YES,YES,NO,NO,NO,NO,NO,NO,NO,NO,,Free,YES,Comprehensive,"Joyce, K. E., & Hayasaka, S. (2012). Development of PowerMap: a software package for statistical power calculation in neuroimaging studies. Neuroinformatics, 10(4), 351–365. https://doi.org/10.1007/s12021-012-9152-3",
Python,PAPY,Medical,YES,https://github.com/jianlianggao/papy,NO,NO,YES,NO,NO,NO,NO,NO,NO,NO,,For metabolic phenotyping designs,Free,NO,Minimal,"Blaise, B. J., Correia, G., Tin, A., Young, J. H., Vergnaud, A. C., Lewis, M., Pearce, J. T., Elliott, P., Nicholson, J. K., Holmes, E., & Ebbels, T. M. (2016). Power analysis and sample size determination in metabolic phenotyping. Analytical Chemistry, 88(10), 5179–5188. https://doi.org/10.1021/acs.analchem.6b00188",
R,micropower,Microbiome,YES,https://rdrr.io/github/smvargas/PERMANOVA/src/R/micropower.R,NO,YES,NO,NO,NO,NO,NO,NO,PERMANOVA (a non-parametric extension of multivariate analysis of variance to a matrix of pairwise distances),NO,NO,,Free,NO,Moderate,"Kelly, B. J., Gross, R., Bittinger, K., Sherrill-Mix, S., Lewis, J. D., Collman, R. G., Bushman, F. D., & Li, H. (2015). Power and sample-size estimation for microbiome studies using pairwise distances and PERMANOVA. Bioinformatics, 31(15), 2461–2468. https://doi.org/10.1093/bioinformatics/btv183",
Matlab,statistical-power,Neurophysiology,YES,https://github.com/hangyabalazs/statistical-power,NO,NO,NO,NO,NO,NO,NO,NO,power for reward expectancy coding of HDB neurons.,NO,,,Free,NO,Minimal,0,
SAS,Yarandi_1994,Nursing,YES,https://doi.org/10.1097/00006199-199403000-00015,NO,NO,NO,NO,NO,YES,NO,NO,NO,NO,NO,,Free,NO,Minimal,"Yarandi, H. N. (1994). Using the SAS system to estimate sample size and power for comparing two binomial proportions. Nursing Research, 43(2), 124–125. https://doi.org/10.1097/00006199-199403000-00015",
SAS,Stokes_2016,person-randomized trial,YES,http://supp.apa.org/psycarticles/supplemental/met0000069/met0000069_supp.html,NO,NO,NO,NO,NO,NO,NO,NO,fidelity measurement,NO,NO,,Free,NO,Minimal,"Stokes, L., & Allor, J. H. (2016). A power analysis for fidelity measurement sample size determination. Psychological Methods, 21(1), 35–46. https://doi.org/10.1037/met0000069",
R,hamlet,Preclinical cancer studies,YES,https://cran.r-project.org/web/packages/hamlet/index.html,NO,NO,NO,YES,NO,NO,NO,NO,NO,NO,NO,,Free,NO,Minimal,"Laajala, T. D., Jumppanen, M., Huhtaniemi, R., Fey, V., Kaur, A., Knuuttila, M., Aho, E., Oksala, R., Westermarck, J., Mäkelä, S., Poutanen, M., & Aittokallio, T. (2016). Optimized design and analysis of preclinical intervention studies in vivo. Scientific Reports, 6, 30723. https://doi.org/10.1038/srep30723",
R; Shiny,BUCSS: Bias- and Uncertainty-Corrected Sample Size,Psychology,YES,https://cran.r-project.org/web/packages/BUCSS/index.html,YES,YES,YES,NO,NO,NO,NO,NO,NO,NO,NO,Presents a method of correcting for publication bias and uncertainty,Free,YES,Moderate,"Maxwell, S. E., Delaney, H. D., & Kelley, K. (2017). Designing experiments and analyzing data: A model comparison perspective. Routledge.",YES
R; Shiny,PowerLAPIM,Psychology,YES,https://gitlab.kuleuven.be/ppw-okpiv/researchers/u0119584/PowerLAPIM,NO,NO,NO,YES,NO,NO,NO,NO,Actor-Partner Interdependence Model,NO,NO,,Free,YES,Minimal,"Lafit, G., Sels, L., Adolf, J. K., Loeys, T., & Ceulemans, E. (2022). PowerLAPIM: An application to conduct power analysis for linear and quadratic longitudinal actor–partner interdependence models in intensive longitudinal dyadic designs. Journal of Social and Personal Relationships, 39(10), 3085–3115. https://doi.org/10.1177/02654075221080128",
Shiny,APIM Power,Psychology,YES,https://robert-a-ackerman.shinyapps.io/APIMPowerRdis/,NO,NO,NO,NO,YES,NO,NO,NO,Actor-Partner Interdependence Model,NO,NO,,Free,YES,Comprehensive,"Ackerman, R. A., & Kenny, D. A. (2016). APIMPowerR: An interactive tool for Actor-Partner Interdependence Model power analysis [Computer software]. Available from https://robert-a-ackerman.shinyapps.io/APIMPowerRdis/",
R; Shiny,Power Calculator,Psychology,YES,https://egap.shinyapps.io/Power_Calculator/,NO,NO,NO,YES,NO,NO,NO,NO,NO,NO,NO,,Free,YES,Moderate,,
R,pwr,Psychology,YES,https://cran.r-project.org/web/packages/pwr/index.html,YES,YES,YES,NO,NO,YES,NO,YES,NO,NO,NO,,Free,NO,Comprehensive,"De Rosario, H. (2020). pwr: Basic functions for power analysis. R version 1.3-0. CRAN. https://github.com/heliosdrm/pwr",
R,pwr2ppl,Psychology,YES,https://cran.r-project.org/web/packages/pwr2ppl/index.html,YES,YES,YES,NO,YES,YES,NO,YES,NO,NO,NO,,Free,NO,Comprehensive,"Aberson, C. L. (2019). Applied power analysis for the behavioral sciences (2nd ed.). Routledge. https://doi.org/10.4324/9781315171500",
R,TOSTER,Psychology,YES,https://cran.r-project.org/web/packages/TOSTER/index.html,YES,NO,NO,NO,NO,YES,NO,YES,NO,NO,NO,,Free,NO,Moderate,"Lakens, D. (2017). Equivalence tests: A practical primer for t tests, correlations, and meta-analyses. Social Psychological and Personality Science, 8(4), 355–362. https://doi.org/10.1177/1948550617697177",
Shiny,psychometroscar_Pearson correlation with non-normal data,Psychology,YES,https://psychometroscar.com/2019/04/30/power-analysis-for-the-pearson-correlation-with-non-normal-data/,NO,NO,NO,NO,NO,NO,NO,YES,NO,NO,NO,,Free,YES,Moderate,0,
R,diffcor,Psychology,YES,https://cran.r-project.org/web/packages/diffcor/diffcor.pdf,NO,NO,NO,NO,NO,NO,NO,YES,NO,NO,NO,Fisher's z-tests,Free,NO,Minimal,"Blötner, C. (2024). diffcor: Fisher's z-tests concerning differences between correlations. R version 0.8.4. CRAN. https://cran.r-project.org/package=diffcor",
R,Approximating power for difference in correlations,Psychology,YES,https://osf.io/werkd,NO,NO,NO,NO,NO,NO,NO,YES,NO,NO,NO,Fisher's z-tests,Free,NO,Minimal,,
R; Shiny,stats,Psychology,YES,https://stat.ethz.ch/R-manual/R-devel/library/stats/html/00Index.html,YES,YES,NO,NO,NO,YES,NO,NO,NO,NO,NO,,Free,YES,Minimal,"R Core Team (2024). _R: A Language and Environment for Statistical Computing_. R Foundation for Statistical Computing, Vienna, Austria. <https://www.R-project.org/>.",
R; Shiny,Power analysis for 2X2 factorial interaction,Psychology,YES,https://www.markhw.com/blog/power-twoway,NO,YES,NO,NO,NO,NO,NO,NO,NO,NO,NO,,Free,YES,Moderate,0,
R; Shiny,Power-Calibrated Effect Size (PCES),Psychology,YES,https://blakemcshane.shinyapps.io/pces/,YES,NO,NO,NO,YES,NO,NO,NO,NO,NO,NO,,Free,YES,Minimal,"McShane, B. B., & Böckenholt, U. (2016). Planning sample sizes when effect sizes are uncertain: The power-calibrated effect size approach. Psychological Methods, 21(1), 47–60. https://doi.org/10.1037/met0000036",
R; Shiny,PowerAnalysisIL,Psychology,YES,https://github.com/ginettelafit/PowerAnalysisIL,NO,NO,NO,YES,NO,NO,NO,NO,NO,NO,NO,,Free,YES,Moderate,"Lafit, G., Adolf, J. K., Dejonckheere, E., Myin-Germeys, I., Viechtbauer, W., & Ceulemans, E. (2021). Selection of the number of participants in intensive longitudinal studies: A user-friendly Shiny app and tutorial for performing power analysis in multilevel regression models that account for temporal dependencies. Advances in Methods and Practices in Psychological Science, 4(1). https://doi.org/10.1177/2515245920978738",
R; Shiny,SampleSizePlanner,Psychology,YES,https://martonbalazskovacs.shinyapps.io/SampleSizePlanner,YES,YES,NO,NO,NO,NO,NO,NO,NO,NO,YES,,Free,YES,Moderate,"Kovacs, M., van Ravenzwaaij, D., Hoekstra, R., & Aczel, B. (2022). SampleSizePlanner: A tool to estimate and justify sample size for two-group studies. Advances in Methods and Practices in Psychological Science, 5(1). https://doi.org/10.1177/25152459211054059",
R; Shiny,ML Power Tool,Psychology,YES,https://hermanaguinis.com/crosslevel.html,NO,NO,NO,YES,NO,NO,NO,NO,NO,NO,NO,,Free,YES,Moderate,"Mathieu, J. E., Aguinis, H., Culpepper, S. A., & Chen, G. (2012). Understanding and estimating the power to detect cross-level interaction effects in multilevel modeling. Journal of Applied Psychology, 97(5), 951–966. https://doi.org/10.1037/a0028380",
R; Shiny,SuperPower,Psychology,YES,https://github.com/arcaldwell49/Superpower; http://shiny.ieis.tue.nl/anova_power/,NO,YES,NO,NO,NO,NO,NO,NO,NO,NO,NO,,Free,YES,Comprehensive,"Lakens, D., & Caldwell, A. R. (2021). Simulation-based power analysis for factorial analysis of variance designs. Advances in Methods and Practices in Psychological Science, 4(1), Article 2515245920951503. https://doi.org/10.1177/2515245920951503",YES
R; SAS; Shiny,Power Analysis with Crossed Random Effects,Psychology,YES,https://jakewestfall.shinyapps.io/crossedpower/,NO,NO,NO,YES,NO,NO,NO,NO,NO,NO,NO,,Free,YES,Minimal,"Westfall, J., Kenny, D. A., & Judd, C. M. (2014). Statistical power and optimal design in experiments in which samples of participants respond to samples of stimuli. Journal of Experimental Psychology: General, 143(5), 2020–2045. https://doi.org/10.1037/xge0000014",
Mplus,Wolf_2013,Psychology,YES,https://pmc.ncbi.nlm.nih.gov/articles/PMC4334479/pdf/nihms661496.pdf,NO,NO,NO,NO,YES,NO,NO,NO,NO,NO,NO,,Free,NO,Minimal,"Wolf, E. J., Harrington, K. M., Clark, S. L., & Miller, M. W. (2016). Sample size requirements for structural equation models: An evaluation of power, bias, and solution propriety. In G. J. Boyle, J. G. O'Gorman, & G. J. Fogarty (Eds.), Work and organisational psychology: Research methodology; Assessment and selection; Organisational change and development; Human resource and performance management; Emerging trends: Innovation/globalisation/technology (pp. 177–197). Sage Publications, Inc.",
R,mlpwr,Psychology,YES,https://cran.r-project.org/web/packages/mlpwr/mlpwr.pdf,YES,YES,YES,NO,NO,NO,NO,NO,Item response theory,NO,NO,,Free,NO,Minimal,"Zimmer, F., & Debelak, R. (2023). Simulation-based design optimization for statistical power: Utilizing machine learning. Psychological Methods. Advance online publication. https://doi.org/10.1037/met0000611",
Computer app,LIFESPAN,Psychology,YES,http://www.brandmaier.de/lifespan/,NO,NO,NO,NO,YES,NO,NO,NO,Latent growth curve,NO,NO,,Free,YES,Minimal,"Brandmaier, A. M., von Oertzen, T., Ghisletta, P., Hertzog, C., & Lindenberger, U. (2015). LIFESPAN: A tool for the computer-aided design of longitudinal studies. Frontiers in psychology, 6, 272. https://doi.org/10.3389/fpsyg.2015.00272",
R,StudyPlanning,Psychology,YES,https://github.com/nutterb/StudyPlanning,YES,NO,NO,NO,NO,NO,NO,NO,"likelihood ratio test, Wilcoxon Rank Sum Test, binomial test",NO,NO,,Free,NO,Minimal,,
R; Web app,Power/Sample Size Calculation for Logistic Regression with Binary Covariate(s),Psychology,YES,https://www.eugened.org/power-sample-size-calculator,NO,NO,YES,NO,NO,YES,NO,NO,NO,NO,NO,Logistic regression with binary covariate,Free,YES,Minimal,"Demidenko E. (2007). Sample size determination for logistic regression revisited. Statistics in medicine, 26(18), 3385–3397. https://doi.org/10.1002/sim.2771",
R,powerly,Psychology,YES,https://cran.r-project.org/web/packages/powerly/powerly.pdf,NO,NO,NO,NO,NO,NO,NO,NO,network models (Gaussian Graphical Model),NO,NO,,Free,NO,Moderate,"Constantin, M. A., Schuurman, N. K., & Vermunt, J. K. (2023, July 10). A General Monte Carlo Method for Sample Size Analysis in the Context of Network Models. Psychological Methods. Advance online publication. https://dx.doi.org/10.1037/met0000555",
R,Power-Test-T,Psychology,YES,https://github.com/gabrielteotonio/Power-Test-T,YES,NO,NO,NO,NO,NO,NO,NO,Non-parametric,NO,NO,,Free,NO,Minimal,,
R,powerNLSEM,Psychology,YES,https://cran.r-project.org/web/packages/powerNLSEM/index.html,NO,NO,NO,NO,YES,NO,NO,NO,NO,NO,NO,,Free,NO,Minimal,"Irmer, J. P., Klein, A. G., & Schermelleh-Engel, K. (2024). Model-implied simulation-based power estimation for correctly specified and distributionally misspecified models: Applications to nonlinear and linear structural equation models. Behavior Research Methods, 56(8), 8955–8991. https://doi.org/10.3758/s13428-024-02507-z",
R,bmem,Psychology,YES,https://cran.r-project.org/web/packages/bmem/index.html,NO,NO,NO,NO,YES,NO,NO,NO,NO,NO,NO,,Free,NO,Minimal,"Zhang Z. (2014). Monte Carlo based statistical power analysis for mediation models: methods and software. Behavior Research Methods, 46(4), 1184–1198. https://doi.org/10.3758/s13428-013-0424-0",YES
R,MBESS,Psychology,YES,https://cran.r-project.org/web/packages/MBESS/index.html,NO,NO,YES,NO,YES,NO,NO,NO,NO,NO,NO,,Free,NO,Moderate,"Kelley, K. (2007). Methods for the behavioral, educational, and social sciences: An R. Behavior Research Methods, 39(4), 979-984.",YES
R,pamm,Psychology,YES,https://cran.r-project.org/web/packages/pamm,NO,NO,NO,YES,NO,NO,NO,NO,NO,NO,NO,,Free,NO,Minimal,"Martin, J. G. A., Nussey, D. H., Wilson, A. J., & Réale, D. (2011). Measuring individual differences in reaction norms in field and experimental studies: A power analysis of random regression models. Methods in Ecology and Evolution, 2(4), 362–374. https://doi.org/10.1111/j.2041-210X.2010.00084.x",
R,Paramtest,Psychology,YES,https://cran.r-project.org/web/packages/paramtest/index.html,YES,YES,YES,YES,YES,NO,NO,NO,NO,NO,NO,,Free,NO,Moderate,"Hughes, J. (2025). paramtest: Run a Function Iteratively While Varying Parameters. R version 0.1.1. CRAN. https://cran.r-project.org/package=paramtest",
R,simglm,Psychology,YES,https://cran.r-project.org/web/packages/simglm/index.html,NO,NO,YES,YES,NO,NO,NO,NO,NO,NO,NO,,Free,NO,Moderate,"LeBeau, B. (2022). simglm: Simulate Models Based on the Generalized Linear Model. R version 0.8.9. CRAN. https://github.com/lebebr01/simglm",
R,dmetar,Psychology,YES,https://dmetar.protectlab.org/articles/dmetar.html,YES,NO,NO,NO,NO,NO,NO,NO,NO,NO,NO,,Free,NO,Moderate,"Harrer, M., Cuijpers, P., Furukawa, T.A, & Ebert, D. D. (2019). Doing Meta-Analysis in R: A Hands-on Guide. DOI: 10.5281/zenodo.2551803.",
R,powerMediation,Psychology,YES,https://cran.r-project.org/web/packages/powerMediation/index.html,NO,YES,YES,NO,YES,NO,NO,NO,NO,NO,NO,,Free,NO,Minimal,"Qiu, W. (2017). PowerMediation: Power/sample size calculation for mediation analysis. R version 0.3, 2.",
R,simPM,Psychology,YES,https://yifengedms.github.io/simPM/,NO,NO,NO,NO,YES,NO,NO,NO,NO,NO,NO,,Free,NO,Minimal,"Feng, Y. & Hancock, G. R. (2019). simPM: SIMulation-based power analysis for Planned Missing designs. R version 0.0.0.9000. https://yifengedms.github.io/simPM/",
R,mlmpower,Psychology,YES,https://cran.r-project.org/web/packages/mlmpower/mlmpower.pdf,NO,NO,NO,YES,NO,NO,NO,NO,NO,NO,NO,,Free,NO,Minimal,"Enders, C. K., Keller, B. T., & Woller, M. P. (2023). A simple Monte Carlo method for estimating power in multilevel designs. Psychological Methods. Advance online publication. https://doi.org/10.1037/met0000614",
R,semTools,Psychology,YES,https://cran.r-project.org/web/packages/semTools/index.html,NO,NO,NO,NO,YES,YES,NO,NO,NO,NO,NO,,Free,YES,Minimal,"Jorgensen, T. D., Pornprasertmanit, S., Schoemann, A. M., Rosseel, Y., Miller, P., Quick, C., Garnier-Villarreal, M., Selig, J., Boulton, A., Preacher, K., Coffman, D., Rhemtulla, M., Robitzsch, A., Enders, C., Arslan, R., Clinton, B., Panko, P., Merkle, E., Chesnut, S., Byrnes, J. D., Rights, J. D., Longo, Y., Mansolf, M., Ben-Shachar, M. S., Rönkkö, M., Johnson, A. R., & Vanbrabant, L. (2025). semTools: Useful tools for structural equation modeling. R version 0.5-7. CRAN. https://github.com/simsem/semTools",
R,Brysbaert_2018,Psychology,YES,https://doi.org/10.5334%2Fjoc.10,NO,YES,NO,NO,NO,NO,NO,NO,NO,NO,NO,,Free,NO,Minimal,"Brysbaert, M., & Stevens, M. (2018). Power Analysis and Effect Size in Mixed Effects Models: A Tutorial. Journal of Cognition, 1(1), 9. http://doi.org/10.5334/joc.10",
R,Intro to Power Analysis Using Simulation Methods (Jessie Sun),Psychology,YES,https://github.com/jessiesunpsych/power-simulations/blob/master/simulationtutorial.pdf,NO,NO,NO,NO,YES,NO,NO,NO,NO,NO,NO,,Free,NO,Minimal,,
R,Moerbeek_2011,Psychology,YES,https://doi.org/10.1027/1614-2241/a000019,NO,NO,NO,YES,NO,NO,NO,NO,NO,NO,NO,,Free,NO,Minimal,"Moerbeek, M. (2011). The effects of the number of cohorts, degree of overlap among cohorts, and frequency of observation on power in accelerated longitudinal designs. Methodology: European Journal of Research Methods for the Behavioral and Social Sciences, 7(1), 11–24. https://doi.org/10.1027/1614-2241/a000019",
R,Simulation aids,Psychology,YES,https://debruine.github.io/tutorials/sim-data.html,YES,NO,NO,NO,NO,NO,NO,NO,NO,NO,NO,,Free,NO,Moderate,,
R,"The Bayesian New Statistics: Hypothesis testing, estimation, meta-analysis, and power analysis from a Bayesian perspective",Psychology,YES,https://link.springer.com/article/10.3758/s13423-016-1221-4,NO,NO,NO,NO,NO,NO,NO,NO,NO,NO,YES,,Free,NO,Minimal,"Kruschke, J. K., & Liddell, T. M. (2018). The Bayesian New Statistics: Hypothesis testing, estimation, meta-analysis, and power analysis from a Bayesian perspective. Psychonomic Bulletin & Review, 25(1), 178–206. https://doi.org/10.3758/s13423-016-1221-4",
R,Beaujean_2014,Psychology,YES,https://files.eric.ed.gov/fulltext/EJ1038109.pdf,NO,NO,YES,NO,NO,NO,NO,NO,NO,NO,NO,,Free,NO,Minimal,"Beaujean, A. A. (2014). Sample size determination for regression models using Monte Carlo methods in R. Practical Assessment, Research, and Evaluation, 19(1), 12. https://doi.org/10.7275/d5pv-8v28",
R,Perugini_2014,Psychology,YES,https://journals.sagepub.com/doi/10.1177/1745691614528519,YES,NO,NO,NO,NO,NO,NO,NO,NO,NO,YES,,Free,NO,Minimal,"Perugini, M., Gallucci, M., & Costantini, G. (2014). Safeguard power as a protection against imprecise power estimates. Perspectives on Psychological Science, 9(3), 319–332. https://doi.org/10.1177/1745691614528519",
R,Power Analysis by Data Simulation in R,Psychology,YES,https://julianquandt.com/categories/power-analysis/,YES,YES,YES,YES,NO,NO,NO,NO,NO,NO,NO,,Free,NO,Minimal,"Quandt, J. (2020). Power analysis. https://julianquandt.com/categories/power-analysis/",
R; Web app,Computing power and minimum sample size for RMSEA,Psychology,YES,https://quantpsy.org/rmsea/rmsea.htm,NO,NO,NO,NO,NO,NO,NO,NO,RMSEA fit statistic,NO,NO,,Free,YES,Minimal,"Preacher, K. J., & Coffman, D. L. (2006). Computing power and minimum sample size for RMSEA [Computer software]. Available from http://quantpsy.org/.",
R,pwrRasch,Psychology,YES,https://cran.r-project.org/web/packages/pwrRasch/index.html,NO,NO,NO,NO,NO,NO,NO,NO,Item response theory,NO,NO,Rasch model,Free,NO,Minimal,"Yanagida, T., Steinfeld, J., & Kiefer, T. (2015). pwrRasch: Statistical power simulation for testing the Rasch model. R version 0.1-2. CRAN. https://cran.r-project.org/package=pwrRasch",
R,power_reliability,Psychology,YES,https://github.com/keithlohse/power_reliability,YES,YES,NO,NO,NO,NO,NO,NO,NO,NO,NO,,Free,NO,Minimal,,
R,StatisticalPower,Psychology,YES,https://github.com/RyanMc1289/StatisticalPower/blob/main/Data%20Simulation.R,YES,NO,NO,NO,NO,NO,NO,NO,NO,NO,YES,,Free,NO,Minimal,,
Shiny,SVPower: Compute Power Allowing for Study Variation for an Equal n Between-Participants Design,Psychology,YES,https://davidakenny.shinyapps.io/SVPower/,YES,NO,NO,NO,NO,NO,NO,NO,NO,NO,NO,,Free,YES,Minimal,"Kenny, D. A. (2017). An interactive tool for the estimation of power given study variation [Computer software]. Available from https://davidakenny.shinyapps.io/SVPower/.",
Shiny,Monte Carlo Power Analysis for Indirect Effects,Psychology,YES,https://schoemanna.shinyapps.io/mc_power_med/,NO,NO,NO,NO,YES,NO,NO,NO,NO,NO,NO,,Free,YES,Minimal,"Schoemann, A. M., Boulton, A. J., & Short, S. D. (2017). Determining power and sample size for simple and complex mediation models. Social Psychological and Personality Science, 8(4), 379–386. https://doi.org/10.1177/1948550617715068",YES
Shiny,psychometroscar_Multi-level Logistic Regression,Psychology,YES,https://psychometroscar.com/2018/07/31/power-analysis-for-multilevel-logistic-regression/,NO,NO,NO,YES,NO,NO,NO,NO,NO,NO,NO,,Free,YES,Moderate,"Olvera Astivia, O.L., Gadermann, A. & Guhn, M. The relationship between statistical power and predictor distribution in multilevel logistic regression: a simulation-based approach. BMC Med Res Methodol 19, 97 (2019). https://doi.org/10.1186/s12874-019-0742-8",
Shiny,psychometroscar_Multiple Linear Regression,Psychology,YES,"https://psychometroscar.com/2019/05/28/power-analysis-for-multiple-regression-with-non-normal-data/, ",NO,NO,YES,NO,NO,NO,NO,NO,NO,NO,NO,,Free,YES,Moderate,0,
Shiny,Optimal Sample Sizes for Testing the Equivalence of Two Means,Psychology,YES,https://optimal-sample-size.shinyapps.io/equivalence-of-means/,YES,NO,NO,NO,NO,NO,NO,NO,NO,NO,YES,,Free,YES,Moderate,"Guo, J.-H., Chen, H. J., & Luh, W.-M. (2019). Optimal sample sizes for testing the equivalence of two means. Methodology: European Journal of Research Methods for the Behavioral and Social Sciences, 15(3), 128–136. https://doi.org/10.1027/1614-2241/a000171",
Shiny,PANGEA: Power ANalysis for GEneral Anova designs,Psychology,YES,https://jakewestfall.shinyapps.io/pangea/,NO,YES,NO,NO,NO,NO,NO,NO,NO,NO,NO,,Free,YES,Minimal,"Westfall, J. (2015). PANGEA: Power analysis for general ANOVA designs. Unpublished manuscript. Available at http://jakewestfall. org/publications/pangea",YES
Shiny,MedPower: Power and N Computations for Mediation,Psychology,YES,https://davidakenny.shinyapps.io/MedPower/,NO,NO,NO,NO,YES,NO,NO,NO,NO,NO,NO,,Free,YES,Minimal,"Kenny, D. A. (2017, February). MedPower: An interactive tool for the estimation of power in tests of mediation [Computer software]. Available from https://davidakenny.shinyapps.io/MedPower/",
Shiny,pwrSEM,Psychology,YES,https://yilinandrewang.shinyapps.io/pwrSEM/,NO,NO,NO,NO,YES,NO,NO,NO,NO,NO,NO,,Free,YES,Moderate,"Wang, Y. A., & Rhemtulla, M. (2021). Power analysis for parameter estimation in structural equation modeling: A discussion and tutorial. Advances in Methods and Practices in Psychological Science, 4(1), Article 2515245920918253. https://doi.org/10.1177/2515245920918253",YES
Shiny,Murayama_2020/Summary-statistics-based power analysis for mixed-effects modelling,Psychology,YES,https://koumurayama.shinyapps.io/summary_statistics_based_power/,NO,NO,NO,YES,NO,NO,NO,NO,NO,NO,NO,,Free,YES,Minimal,"Murayama, K., Usami, S., & Sakaki, M. (2022). Summary-statistics-based power analysis: A new and practical method to determine sample size for mixed-effects modeling. Psychological Methods, 27(6), 1014–1038. https://doi.org/10.1037/met0000330",
Shiny,power4SEM,Psychology,YES,https://sjak.shinyapps.io/power4SEM/,NO,NO,NO,NO,YES,YES,NO,NO,NO,NO,NO,,Free,YES,Moderate,"Jak, S., Jorgensen, T. D., Verdam, M. G. E., Oort, F. J., & Elffers, L. (2021). Analytical power calculations for structural equation modeling: A tutorial and Shiny app. Behavior Research Methods, 53(4), 1385–1406. https://doi.org/10.3758/s13428-020-01479-0",
R,Hmisc,Psychology,YES,https://search.r-project.org/CRAN/refmans/Hmisc/html/popower.html,NO,NO,NO,NO,NO,YES,NO,YES,NO,NO,NO,,Free,NO,Minimal,,
Web app,GLIMMPSE,Psychology,YES,https://samplesizeshop.org/,YES,YES,NO,YES,NO,NO,NO,NO,NO,NO,NO,,Free,YES,Comprehensive,"Kreidler, S. M., Muller, K. E., Grunwald, G. K., Ringham, B. M., Coker-Dukowitz, Z. T., Sakhadeo, U. R., Barón, A. E., & Glueck, D. H. (2013). GLIMMPSE: Online power computation for linear models with and without a baseline covariate. Journal of Statistical Software, 54(10), i10. https://doi.org/10.18637/jss.v054.i10",
Web app,Proportion Difference Power/Sample Size Calculation,Psychology,YES,https://statpages.info/proppowr.html,NO,NO,NO,NO,NO,YES,NO,NO,NO,NO,NO,,Free,YES,Minimal,,
Web app,Understanding Statistical Power and Significance Testing,Psychology,YES,https://rpsychologist.com/d3/nhst/,YES,NO,NO,NO,NO,YES,NO,NO,NO,NO,NO,,Free,YES,Minimal,"Magnusson, K. (2021). Understanding statistical power and significance testing: An interactive visualization. R Psychologist. Retrieved March 19, 2025, from https://rpsychologist.com/d3/nhst/",
Web app,INT×Power,Psychology,YES,https://intxpower.com/,NO,YES,NO,NO,NO,NO,NO,NO,NO,NO,NO,,Free,YES,Minimal,"Sommet, N., Weissman, D. L., Cheutin, N., & Elliot, A. J. (2023). How many participants do I need to test an interaction? Conducting an appropriate power analysis and achieving sufficient power to detect an interaction.Advances in Methods and Practices in Psychological Science, 6(2), 1-21.https://doi.org/10.1177/25152459231178728",
R,nlmeU,Psychology & Clinical trial,YES,https://cran.r-project.org/web/packages/nlmeU/index.html,NO,NO,NO,YES,NO,NO,NO,NO,NO,NO,NO,Power based on model fit,Free,NO,Minimal,"Galecki, A., & Burzykowski, T. (2022). nlmeU: Datasets and utility functions enhancing functionality of 'nlme' package. R version 0.70-9. CRAN. http://www-personal.umich.edu/~agalecki/",
R,SimR,Psychology &  Ecology,YES,https://cran.r-project.org/web/packages/simr/index.html,NO,NO,NO,YES,NO,NO,NO,NO,NO,NO,NO,,Free,NO,Moderate,"Green, P., & MacLeod, C. J. (2016). SIMR: an R for power analysis of generalized linear mixed models by simulation. Methods in Ecology and Evolution, 7(4), 493-498.  https://doi.org/10.1111/2041-210X.12504",YES
SAS,POWERLIB,All,YES,https://github.com/SampleSizeShop/POWERLIB,YES,YES,YES,NO,NO,NO,NO,NO,GLMM,NO,NO,,Free,NO,Minimal,"Johnson, J. L., Muller, K. E., Slaughter, J. C., Gurka, M. J., Gribbin, M. J., & Simpson, S. L. (2009). POWERLIB: SAS/IML software for computing power in multivariate linear models. Journal of Statistical Software, 30(5), http://www.jstatsoft.org/v30/i05. https://doi.org/10.18637/jss.v030.i05",
STATA,simsum,All,YES,https://journals.sagepub.com/doi/10.1177/1536867X1001000305,NO,NO,YES,NO,NO,NO,NO,YES,NO,NO,NO,Monte-Carlo model simulation; calculates power as the proportion of times the null was rejected,Free,NO,Moderate,"White, I. R. (2010). simsum: Analyses of simulation studies including Monte Carlo error. The Stata Journal, 10(3), 369-385.",
R,rsimsum,All,YES,https://ellessenne.github.io/rsimsum/,NO,NO,YES,NO,NO,NO,NO,YES,NO,NO,NO,Monte-Carlo model simulation; calculates power as the proportion of times the null was rejected,Free,NO,Minimal,"Gasparini, (2018). rsimsum: Summarise results from Monte Carlo simulation studies. Journal of Open Source Software, 3(26), 739, https://doi.org/10.21105/joss.00739",
R; SAS; SPSS; Mplus,workshop power analysis,All,YES,https://osf.io/vgdu2/,NO,NO,YES,YES,YES,NO,NO,NO,NO,NO,NO,,Free,NO,Moderate,0,YES
R; SAS; SPSS; Mplus,LaneHennes_2018,All,YES,https://journals.sagepub.com/doi/full/10.1177/0265407517710342,NO,NO,NO,YES,NO,NO,NO,NO,NO,NO,NO,,Free,NO,Minimal,"Lane, S. P., & Hennes, E. P. (2018). Power struggles: Estimating sample size for multilevel relationships research. Journal of Social and Personal Relationships, 35(1), 7–31. https://doi.org/10.1177/0265407517710342",YES
R; SAS; SPSS; Mplus,LaneHennes_2019,All,YES,https://pubmed.ncbi.nlm.nih.gov/30309635/,NO,NO,NO,YES,NO,NO,NO,NO,NO,NO,NO,,Free,NO,Minimal,"Lane, S. P., & Hennes, E. P. (2019). Conducting sensitivity analyses to identify and buffer power vulnerabilities in studies examining substance use over time. Addictive Behaviors, 94, 117–123. https://doi.org/10.1016/j.addbeh.2018.09.017",YES